{"cameraMode":{"drawMode":0,"name":"Shaded","section":"Shading Mode"},"sceneLighting":true,"audioPlay":false,"sceneViewState":{"showFog":true,"showMaterialUpdate":false,"showSkybox":true,"showFlares":true,"showImageEffects":true,"showParticleSystems":true},"in2DMode":false,"pivot":{"x":48.089805603027347,"y":0.7327728271484375,"z":-4.434762954711914},"rotation":{"x":-0.06543278694152832,"y":0.9094327092170715,"z":-0.37957853078842165,"w":-0.15676935017108918},"size":103.91879272460938,"orthographic":false}